Label,# Samples,Average,Min,Max,Std. Dev.,Error %,Throughput,Received KB/sec,Sent KB/sec,Avg. Bytes
Showtime - Get Extended by Id,10063,9688,50,807393,18356.10,1.073%,10.32875,26.80,3.13,2657.0
Showtime - Get by Id,1155,10672,425,841210,24554.30,1.126%,1.18647,3.08,0.35,2658.0
Showtime - Get by Theatre,232,11449,785,23466,2383.57,1.293%,.23870,6.60,0.07,28317.7
Showtime - Get Dates by Theatre,115,7073,934,13275,1529.88,1.739%,.11863,0.30,0.04,2621.2
TOTAL,11565,9796,50,841210,18808.28,1.089%,11.87041,36.76,3.58,3171.5
